[
  {
    "id": "f76581ac-d411-4b90-9cb4-86240a1cfdef",
    "data": [
      {
        "text": "can you answer me what does the fox say",
        "userDefined": false
      }
    ],
    "isTemplate": false,
    "count": 0,
    "updated": 1481023836
  },
  {
    "id": "4855f6c0-e19e-4af7-97b1-c7b091cb1ad9",
    "data": [
      {
        "text": "can you show me what does the ",
        "userDefined": false
      },
      {
        "text": "fox say",
        "meta": "@sys.ignore",
        "userDefined": false
      }
    ],
    "isTemplate": false,
    "count": 0,
    "updated": 1481023836
  },
  {
    "id": "d9ef92a3-ad1e-4163-9c7c-27b7e1cf8257",
    "data": [
      {
        "text": "find out what sound does a fox make",
        "userDefined": false
      }
    ],
    "isTemplate": false,
    "count": 0,
    "updated": 1481023836
  },
  {
    "id": "0e251eff-61a8-4c3c-8130-fa7d6cd9ddbf",
    "data": [
      {
        "text": "what does the fox say",
        "userDefined": false
      }
    ],
    "isTemplate": false,
    "count": 0,
    "updated": 1481067151
  },
  {
    "id": "1704b505-5897-4e06-8f7b-43d04b1e47b5",
    "data": [
      {
        "text": "do you have an idea what does the fox say",
        "userDefined": false
      }
    ],
    "isTemplate": false,
    "count": 0,
    "updated": 1481023836
  },
  {
    "id": "2b8bfc07-1723-418b-9e34-3797783c2c97",
    "data": [
      {
        "text": "what sounds does a fox make",
        "userDefined": false
      }
    ],
    "isTemplate": false,
    "count": 0,
    "updated": 1481023836
  },
  {
    "id": "9ec357e5-e166-4537-8b9a-70e39142a55e",
    "data": [
      {
        "text": "what sound does a fox make",
        "userDefined": false
      }
    ],
    "isTemplate": false,
    "count": 1,
    "updated": 1481023836
  },
  {
    "id": "566a1e87-a183-48d6-98ee-496b3105847d",
    "data": [
      {
        "text": "do you know what does the fox say",
        "userDefined": false
      }
    ],
    "isTemplate": false,
    "count": 1,
    "updated": 1481023836
  },
  {
    "id": "2d8e7d97-0346-4b7f-a234-e0915dbcdd49",
    "data": [
      {
        "text": "can you tell me what does the fox say",
        "userDefined": false
      }
    ],
    "isTemplate": false,
    "count": 0,
    "updated": 1481023836
  },
  {
    "id": "69eb0062-b463-4c6e-be53-8ea5875d7173",
    "data": [
      {
        "text": "fox says",
        "userDefined": false
      }
    ],
    "isTemplate": false,
    "count": 0,
    "updated": 1481067151
  }
]