[
  {
    "id": "615514bf-a93b-4a2c-a098-ea40b998dbff",
    "data": [
      {
        "text": "kidding",
        "userDefined": false
      }
    ],
    "isTemplate": false,
    "count": 0,
    "updated": 0
  },
  {
    "id": "9e6ff8bf-024b-4b76-bf52-fbec1832df7d",
    "data": [
      {
        "text": "just kidding",
        "userDefined": false
      }
    ],
    "isTemplate": false,
    "count": 0,
    "updated": 0
  },
  {
    "id": "4859c81c-3b8f-4604-bb8e-a69539196948",
    "data": [
      {
        "text": "joking",
        "userDefined": false
      }
    ],
    "isTemplate": false,
    "count": 0,
    "updated": 0
  },
  {
    "id": "e231e15f-8475-4baa-9b48-ea264f8e916b",
    "data": [
      {
        "text": "I was just joking",
        "userDefined": false
      }
    ],
    "isTemplate": false,
    "count": 0,
    "updated": 0
  },
  {
    "id": "99bdff6d-f31f-4fe1-ac3b-1607d77bdd95",
    "data": [
      {
        "text": "I\u0027m just being funny",
        "userDefined": false
      }
    ],
    "isTemplate": false,
    "count": 0,
    "updated": 0
  },
  {
    "id": "f0062096-5f8a-4d61-ba96-42f8106d4714",
    "data": [
      {
        "text": "I\u0027m kidding",
        "userDefined": false
      }
    ],
    "isTemplate": false,
    "count": 0,
    "updated": 0
  },
  {
    "id": "485c8c15-17c2-4a62-a228-7de9832121f0",
    "data": [
      {
        "text": "it\u0027s a joke",
        "userDefined": false
      }
    ],
    "isTemplate": false,
    "count": 0,
    "updated": 0
  },
  {
    "id": "7546b78c-c5dd-4645-9063-70043105045b",
    "data": [
      {
        "text": "it was a joke",
        "userDefined": false
      }
    ],
    "isTemplate": false,
    "count": 0,
    "updated": 0
  },
  {
    "id": "ba90c160-fa2e-45fc-beb3-6936524f4df1",
    "data": [
      {
        "text": "I am joking",
        "userDefined": false
      }
    ],
    "isTemplate": false,
    "count": 0,
    "updated": 0
  },
  {
    "id": "1b52b1ac-d595-4a76-8203-1771b2832295",
    "data": [
      {
        "text": "I\u0027m just playing with you",
        "userDefined": false
      }
    ],
    "isTemplate": false,
    "count": 0,
    "updated": 0
  }
]