[
  {
    "id": "5f740515-51bb-48f6-bb0f-be363aa91131",
    "data": [
      {
        "text": "that\u0027s not what I asked",
        "userDefined": false
      }
    ],
    "isTemplate": false,
    "count": 0,
    "updated": 0
  },
  {
    "id": "7740f152-c815-487e-af62-33c609771d87",
    "data": [
      {
        "text": "that is incorrect",
        "userDefined": false
      }
    ],
    "isTemplate": false,
    "count": 0,
    "updated": 0
  },
  {
    "id": "57cffbdf-91eb-47c9-a6a5-81a947b0e968",
    "data": [
      {
        "text": "not right",
        "userDefined": false
      }
    ],
    "isTemplate": false,
    "count": 1,
    "updated": 0
  },
  {
    "id": "ac1de003-4ef3-44ce-a3c1-c9c5fedb8043",
    "data": [
      {
        "text": "it",
        "meta": "@sys.ignore",
        "userDefined": false
      },
      {
        "text": "\u0027s wrong",
        "userDefined": false
      }
    ],
    "isTemplate": false,
    "count": 0,
    "updated": 0
  },
  {
    "id": "bba00174-e277-4d2b-a96a-cd2545070872",
    "data": [
      {
        "text": "it",
        "meta": "@sys.ignore",
        "userDefined": false
      },
      {
        "text": " is not right",
        "userDefined": false
      }
    ],
    "isTemplate": false,
    "count": 0,
    "updated": 0
  },
  {
    "id": "b6670813-1d6c-4233-a815-1c5e9ec8414f",
    "data": [
      {
        "text": "incorrect",
        "userDefined": false
      }
    ],
    "isTemplate": false,
    "count": 0,
    "updated": 0
  },
  {
    "id": "66435bac-cca1-4dae-8092-f66bb40dabb0",
    "data": [
      {
        "text": "that\u0027s not right",
        "userDefined": false
      }
    ],
    "isTemplate": false,
    "count": 0,
    "updated": 0
  },
  {
    "id": "9135ce70-3f9c-43b0-8df2-c9e513a3a23a",
    "data": [
      {
        "text": "that was wrong",
        "userDefined": false
      }
    ],
    "isTemplate": false,
    "count": 2,
    "updated": 0
  },
  {
    "id": "d1a8b90d-95cb-4118-b060-e20b593d3fef",
    "data": [
      {
        "text": "not correct",
        "userDefined": false
      }
    ],
    "isTemplate": false,
    "count": 0,
    "updated": 0
  },
  {
    "id": "cb634769-9e9a-4a99-9d57-725b9d7dd02a",
    "data": [
      {
        "text": "you are wrong",
        "userDefined": false
      }
    ],
    "isTemplate": false,
    "count": 0,
    "updated": 0
  },
  {
    "id": "b3117b55-e06e-4bc9-90ef-9ec033af5bd2",
    "data": [
      {
        "text": "that\u0027s wrong",
        "userDefined": false
      }
    ],
    "isTemplate": false,
    "count": 0,
    "updated": 0
  },
  {
    "id": "a57ae56d-7972-4461-93d3-877a5db3dbcf",
    "data": [
      {
        "text": "wrong",
        "userDefined": false
      }
    ],
    "isTemplate": false,
    "count": 0,
    "updated": 0
  }
]