[
  {
    "id": "e31561e2-4cb6-48c4-9b7a-16ec0a19d56f",
    "data": [
      {
        "text": "let us talk",
        "userDefined": false
      }
    ],
    "isTemplate": false,
    "count": 0,
    "updated": 1518110353
  },
  {
    "id": "b7bb8fe3-6faa-4c90-ae1b-8fef2ea42a3c",
    "data": [
      {
        "text": "can we chat",
        "userDefined": false
      }
    ],
    "isTemplate": false,
    "count": 0,
    "updated": 1518110353
  },
  {
    "id": "598f4194-5d86-4453-9196-600dc68a083a",
    "data": [
      {
        "text": "can I start speaking",
        "userDefined": false
      }
    ],
    "isTemplate": false,
    "count": 0,
    "updated": 0
  },
  {
    "id": "2128f87e-57c9-4564-bf5b-05e50134490f",
    "data": [
      {
        "text": "can we talk",
        "userDefined": false
      }
    ],
    "isTemplate": false,
    "count": 0,
    "updated": 1518110353
  },
  {
    "id": "c59c5c22-6759-4126-9c9a-3353ffaf3092",
    "data": [
      {
        "text": "let\u0027s have a discussion",
        "userDefined": false
      }
    ],
    "isTemplate": false,
    "count": 0,
    "updated": 1518110353
  },
  {
    "id": "31f07992-4eeb-4dc2-a6a9-7c0499f94e97",
    "data": [
      {
        "text": "I just want to talk",
        "userDefined": false
      }
    ],
    "isTemplate": false,
    "count": 0,
    "updated": 0
  },
  {
    "id": "cb60b001-4a40-495a-aaa2-8fe9de67b84a",
    "data": [
      {
        "text": "can I speak",
        "userDefined": false
      }
    ],
    "isTemplate": false,
    "count": 0,
    "updated": 1518110353
  },
  {
    "id": "a1cff6ac-d8bb-4b3c-8c16-859c0fea69a7",
    "data": [
      {
        "text": "I want to speak with you",
        "userDefined": false
      }
    ],
    "isTemplate": false,
    "count": 0,
    "updated": 1518110353
  },
  {
    "id": "88b62e31-0cdf-4c1a-8162-645b629eb681",
    "data": [
      {
        "text": "I want to talk to you",
        "userDefined": false
      }
    ],
    "isTemplate": false,
    "count": 0,
    "updated": 1518110353
  },
  {
    "id": "88a71e7f-8c27-40dd-988a-85dddbf6f2d3",
    "data": [
      {
        "text": "I need to talk to you",
        "userDefined": false
      }
    ],
    "isTemplate": false,
    "count": 0,
    "updated": 1518110353
  },
  {
    "id": "ff63e1f9-5302-467c-b7d8-93c2f2cd4a76",
    "data": [
      {
        "text": "let\u0027s discuss something",
        "userDefined": false
      }
    ],
    "isTemplate": false,
    "count": 1,
    "updated": 1518110353
  },
  {
    "id": "7cf4620f-e491-462b-aa22-0f9a46e23551",
    "data": [
      {
        "text": "let\u0027s talk",
        "userDefined": false
      }
    ],
    "isTemplate": false,
    "count": 0,
    "updated": 1518110353
  }
]