[
  {
    "id": "f6f9af75-b9fc-4550-9505-b869b8a16bf5",
    "data": [
      {
        "text": "it",
        "meta": "@sys.ignore",
        "userDefined": true
      },
      {
        "text": "\u0027s good",
        "userDefined": false
      }
    ],
    "isTemplate": false,
    "count": 3,
    "updated": 1529427967
  },
  {
    "id": "524d535f-5a5f-4286-bb97-4ec24f47426e",
    "data": [
      {
        "text": "I\u0027m",
        "meta": "@sys.ignore",
        "userDefined": true
      },
      {
        "text": " glad to hear that",
        "userDefined": false
      }
    ],
    "isTemplate": false,
    "count": 1,
    "updated": 1529427967
  },
  {
    "id": "ea9f8cc6-06dd-4133-b499-1660c0dddc2a",
    "data": [
      {
        "text": "not too ",
        "userDefined": false
      },
      {
        "text": "bad",
        "meta": "@sys.ignore",
        "userDefined": true
      }
    ],
    "isTemplate": false,
    "count": 2,
    "updated": 1529427967
  },
  {
    "id": "c195d2d2-334d-4121-b453-4d5e43a4d539",
    "data": [
      {
        "text": "great",
        "meta": "@sys.ignore",
        "userDefined": true
      }
    ],
    "isTemplate": false,
    "count": 2,
    "updated": 1529427967
  },
  {
    "id": "c8a3a93e-20dc-4804-adbc-9b77edf7d12c",
    "data": [
      {
        "text": "really ",
        "userDefined": false
      },
      {
        "text": "well",
        "meta": "@sys.ignore",
        "userDefined": true
      }
    ],
    "isTemplate": false,
    "count": 1,
    "updated": 1529427967
  },
  {
    "id": "976d21a8-6484-4fd8-93f9-4ce946011b3e",
    "data": [
      {
        "text": "this is ",
        "userDefined": false
      },
      {
        "text": "great",
        "meta": "@sys.ignore",
        "userDefined": true
      }
    ],
    "isTemplate": false,
    "count": 1,
    "updated": 1529427967
  },
  {
    "id": "a3f6cf01-da8d-4f30-9a49-b7142e0ae7be",
    "data": [
      {
        "text": "that\u0027s cute",
        "userDefined": false
      }
    ],
    "isTemplate": false,
    "count": 1,
    "updated": 1529427967
  },
  {
    "id": "70dd0648-3d31-47af-b532-ad6a6d085b12",
    "data": [
      {
        "text": "cool",
        "meta": "@sys.ignore",
        "userDefined": false
      }
    ],
    "isTemplate": false,
    "count": 1,
    "updated": 1529427967
  },
  {
    "id": "07bce0db-2e20-4476-962f-11dfdd92bcbb",
    "data": [
      {
        "text": "that\u0027s wonderful",
        "userDefined": false
      }
    ],
    "isTemplate": false,
    "count": 1,
    "updated": 1529427967
  },
  {
    "id": "413fc1b0-b72a-46cc-9c0c-89ddf7c496af",
    "data": [
      {
        "text": "that\u0027s perfect",
        "userDefined": false
      }
    ],
    "isTemplate": false,
    "count": 1,
    "updated": 1529427967
  },
  {
    "id": "c2e8e931-dcd8-4420-9fae-43c863ec7b3c",
    "data": [
      {
        "text": "sweet",
        "userDefined": false
      }
    ],
    "isTemplate": false,
    "count": 2,
    "updated": 1529427967
  },
  {
    "id": "cffdaa99-281c-43d3-bf2f-8ef51a13cfbb",
    "data": [
      {
        "text": "it",
        "meta": "@sys.ignore",
        "userDefined": true
      },
      {
        "text": " was ",
        "userDefined": false
      },
      {
        "text": "good",
        "meta": "@sys.ignore",
        "userDefined": true
      }
    ],
    "isTemplate": false,
    "count": 1,
    "updated": 1529427967
  },
  {
    "id": "156011ec-e8dc-4e15-9365-3d2acff2fa4e",
    "data": [
      {
        "text": "fine",
        "meta": "@sys.ignore",
        "userDefined": true
      }
    ],
    "isTemplate": false,
    "count": 1,
    "updated": 1529427967
  },
  {
    "id": "8acfd1eb-553b-4fb8-9c1d-74304b2d4521",
    "data": [
      {
        "text": "that\u0027s a ",
        "userDefined": false
      },
      {
        "text": "good",
        "meta": "@sys.ignore",
        "userDefined": true
      },
      {
        "text": " thing",
        "userDefined": false
      }
    ],
    "isTemplate": false,
    "count": 1,
    "updated": 1529427967
  },
  {
    "id": "e61a67e1-3834-4af6-998c-dcffe72175ad",
    "data": [
      {
        "text": "that\u0027s ",
        "userDefined": false
      },
      {
        "text": "nice",
        "meta": "@sys.ignore",
        "userDefined": true
      },
      {
        "text": " ",
        "userDefined": false
      },
      {
        "text": "of",
        "meta": "@sys.ignore",
        "userDefined": true
      },
      {
        "text": " you",
        "userDefined": false
      }
    ],
    "isTemplate": false,
    "count": 1,
    "updated": 1529427967
  },
  {
    "id": "14a4fe0d-dc87-4442-ae8d-9d62443de74a",
    "data": [
      {
        "text": "good",
        "meta": "@sys.ignore",
        "userDefined": true
      }
    ],
    "isTemplate": false,
    "count": 2,
    "updated": 1529427967
  },
  {
    "id": "9293928a-2f38-4142-b213-d4e30e5f6c7b",
    "data": [
      {
        "text": "good",
        "meta": "@sys.ignore",
        "userDefined": true
      },
      {
        "text": " to know",
        "userDefined": false
      }
    ],
    "isTemplate": false,
    "count": 1,
    "updated": 1529427967
  },
  {
    "id": "f45c6236-0eef-4b32-9c7b-9553ca3ced2c",
    "data": [
      {
        "text": "that\u0027s awesome",
        "userDefined": false
      }
    ],
    "isTemplate": false,
    "count": 1,
    "updated": 1529427967
  },
  {
    "id": "5d0d82f9-b585-42a6-9fc1-7242f6c8a993",
    "data": [
      {
        "text": "that was pretty ",
        "userDefined": false
      },
      {
        "text": "good",
        "meta": "@sys.ignore",
        "userDefined": true
      }
    ],
    "isTemplate": false,
    "count": 1,
    "updated": 1529427967
  },
  {
    "id": "85828db8-049e-458a-8887-225508b1d849",
    "data": [
      {
        "text": "that\u0027s ",
        "userDefined": false
      },
      {
        "text": "fine",
        "meta": "@sys.ignore",
        "userDefined": true
      }
    ],
    "isTemplate": false,
    "count": 1,
    "updated": 1529427967
  },
  {
    "id": "fa8c1a51-564a-4912-825d-ebd49f635a62",
    "data": [
      {
        "text": "straight",
        "userDefined": false
      }
    ],
    "isTemplate": false,
    "count": 1,
    "updated": 1529427967
  },
  {
    "id": "821340bd-57a6-48f5-8187-3776231e4e7d",
    "data": [
      {
        "text": "that\u0027s amazing",
        "userDefined": false
      }
    ],
    "isTemplate": false,
    "count": 1,
    "updated": 1529427967
  },
  {
    "id": "f3c298c4-d952-47ba-9240-b13ea1b0cbbd",
    "data": [
      {
        "text": "that\u0027s much better",
        "userDefined": false
      }
    ],
    "isTemplate": false,
    "count": 1,
    "updated": 1529427967
  },
  {
    "id": "d556c1d2-7240-4592-b9f5-a27c7ea36636",
    "data": [
      {
        "text": "wonderful",
        "userDefined": false
      }
    ],
    "isTemplate": false,
    "count": 1,
    "updated": 1529427967
  },
  {
    "id": "60560d3d-e687-405f-8752-432ae2240408",
    "data": [
      {
        "text": "that\u0027s pretty ",
        "userDefined": false
      },
      {
        "text": "good",
        "meta": "@sys.ignore",
        "userDefined": true
      }
    ],
    "isTemplate": false,
    "count": 1,
    "updated": 1529427967
  },
  {
    "id": "545e6ea3-530d-4fd0-bb86-4831cb082341",
    "data": [
      {
        "text": "fantastic",
        "userDefined": false
      }
    ],
    "isTemplate": false,
    "count": 1,
    "updated": 1529427967
  },
  {
    "id": "0c3834d3-ab02-4a26-8ceb-78f165fef95c",
    "data": [
      {
        "text": "that\u0027s awesome ",
        "userDefined": false
      },
      {
        "text": "thank you",
        "meta": "@sys.ignore",
        "userDefined": true
      }
    ],
    "isTemplate": false,
    "count": 1,
    "updated": 1529427967
  },
  {
    "id": "ba6423a5-9e4e-45f5-a924-f08c245aa22f",
    "data": [
      {
        "text": "that\u0027s great",
        "userDefined": false
      }
    ],
    "isTemplate": false,
    "count": 1,
    "updated": 1529427967
  },
  {
    "id": "484dbbb9-ca66-470d-b674-4612bc5e1f81",
    "data": [
      {
        "text": "okay good",
        "userDefined": false
      }
    ],
    "isTemplate": false,
    "count": 1,
    "updated": 1529427967
  },
  {
    "id": "9a299f78-fefd-4e48-a9ea-72579e90a065",
    "data": [
      {
        "text": "that is wonderful",
        "userDefined": false
      }
    ],
    "isTemplate": false,
    "count": 1,
    "updated": 1529427967
  },
  {
    "id": "d1307e02-d15b-4e26-9a9b-27b1d41f60e9",
    "data": [
      {
        "text": "terrific",
        "userDefined": false
      }
    ],
    "isTemplate": false,
    "count": 2,
    "updated": 1529427967
  },
  {
    "id": "7e72506c-f1b6-49f3-97bc-101994bc87f8",
    "data": [
      {
        "text": "very ",
        "userDefined": false
      },
      {
        "text": "well",
        "meta": "@sys.ignore",
        "userDefined": true
      }
    ],
    "isTemplate": false,
    "count": 1,
    "updated": 1529427967
  },
  {
    "id": "a75e6103-fd5c-44a3-afc8-6ee8a4542486",
    "data": [
      {
        "text": "ok ",
        "userDefined": false
      },
      {
        "text": "good",
        "meta": "@sys.ignore",
        "userDefined": true
      }
    ],
    "isTemplate": false,
    "count": 1,
    "updated": 1529427967
  },
  {
    "id": "7a747578-7f09-4f44-94bd-80e3c321bc24",
    "data": [
      {
        "text": "it\u0027s very good",
        "userDefined": false
      }
    ],
    "isTemplate": false,
    "count": 1,
    "updated": 1529427967
  },
  {
    "id": "4dcdc91f-c1a6-4939-a948-1843adc6d3c8",
    "data": [
      {
        "text": "that\u0027s very ",
        "userDefined": false
      },
      {
        "text": "good",
        "meta": "@sys.ignore",
        "userDefined": true
      }
    ],
    "isTemplate": false,
    "count": 3,
    "updated": 1529427967
  },
  {
    "id": "7ebf4260-23c2-4a85-82f0-f929e9c1711c",
    "data": [
      {
        "text": "that was awesome",
        "userDefined": false
      }
    ],
    "isTemplate": false,
    "count": 1,
    "updated": 1529427967
  },
  {
    "id": "3169d6a6-2e91-45bf-b01b-65145317f630",
    "data": [
      {
        "text": "so sweet ",
        "userDefined": false
      },
      {
        "text": "of",
        "meta": "@sys.ignore",
        "userDefined": true
      },
      {
        "text": " you",
        "userDefined": false
      }
    ],
    "isTemplate": false,
    "count": 1,
    "updated": 1529427967
  },
  {
    "id": "e4d078b9-ca54-4dfc-a7af-d6a6e4dc7096",
    "data": [
      {
        "text": "marvelous",
        "userDefined": false
      }
    ],
    "isTemplate": false,
    "count": 1,
    "updated": 1529427967
  },
  {
    "id": "763b6b55-b0b9-46e1-9537-1c46c3f5a1f3",
    "data": [
      {
        "text": "very ",
        "userDefined": false
      },
      {
        "text": "nice",
        "meta": "@sys.ignore",
        "userDefined": true
      }
    ],
    "isTemplate": false,
    "count": 1,
    "updated": 1529427967
  },
  {
    "id": "5b1fa959-d1e9-4435-b408-ac65ada8d73c",
    "data": [
      {
        "text": "oh ",
        "userDefined": false
      },
      {
        "text": "well",
        "meta": "@sys.ignore",
        "userDefined": true
      }
    ],
    "isTemplate": false,
    "count": 1,
    "updated": 1529427967
  },
  {
    "id": "257d33aa-25b3-47dd-8fdc-b89162a6c8db",
    "data": [
      {
        "text": "that\u0027s sweet ",
        "userDefined": false
      },
      {
        "text": "of",
        "meta": "@sys.ignore",
        "userDefined": true
      },
      {
        "text": " you",
        "userDefined": false
      }
    ],
    "isTemplate": false,
    "count": 1,
    "updated": 1529427967
  },
  {
    "id": "ecbb88cd-0847-4b0b-a8d6-c5e1876d086d",
    "data": [
      {
        "text": "that\u0027s ",
        "userDefined": false
      },
      {
        "text": "great",
        "meta": "@sys.ignore",
        "userDefined": true
      }
    ],
    "isTemplate": false,
    "count": 4,
    "updated": 1529427967
  },
  {
    "id": "ae8b68ae-53c7-460a-a5ee-446aa563409b",
    "data": [
      {
        "text": "excellent",
        "userDefined": false
      }
    ],
    "isTemplate": false,
    "count": 1,
    "updated": 1529427967
  },
  {
    "id": "e9f764b4-c3d7-47d0-920a-22b558a83436",
    "data": [
      {
        "text": "really ",
        "userDefined": false
      },
      {
        "text": "nice",
        "meta": "@sys.ignore",
        "userDefined": true
      }
    ],
    "isTemplate": false,
    "count": 1,
    "updated": 1529427967
  },
  {
    "id": "1ae11103-a04f-4fcd-b1a0-9afdafb44b3b",
    "data": [
      {
        "text": "very then",
        "userDefined": false
      }
    ],
    "isTemplate": false,
    "count": 1,
    "updated": 1529427967
  },
  {
    "id": "82586b6c-c9fc-4753-9c99-fe1d357f8d72",
    "data": [
      {
        "text": "that\u0027s ",
        "userDefined": false
      },
      {
        "text": "nice",
        "meta": "@sys.ignore",
        "userDefined": true
      }
    ],
    "isTemplate": false,
    "count": 2,
    "updated": 1529427967
  },
  {
    "id": "2379f5a0-0375-43c5-80e0-e50d74565c9d",
    "data": [
      {
        "text": "it\u0027s fine",
        "userDefined": false
      }
    ],
    "isTemplate": false,
    "count": 1,
    "updated": 1529427967
  },
  {
    "id": "7b109916-0de7-4abf-bc2c-1a5e8a363ab8",
    "data": [
      {
        "text": "nice",
        "meta": "@sys.ignore",
        "userDefined": true
      }
    ],
    "isTemplate": false,
    "count": 1,
    "updated": 1529427967
  },
  {
    "id": "5d2eb7f2-24ba-4abb-99fb-816ce257c1a1",
    "data": [
      {
        "text": "really ",
        "userDefined": false
      },
      {
        "text": "good",
        "meta": "@sys.ignore",
        "userDefined": true
      }
    ],
    "isTemplate": false,
    "count": 2,
    "updated": 1529427967
  },
  {
    "id": "881aa539-637f-49a6-98f1-0ce07a8506c2",
    "data": [
      {
        "text": "it\u0027s",
        "meta": "@sys.ignore",
        "userDefined": true
      },
      {
        "text": " ",
        "userDefined": false
      },
      {
        "text": "great",
        "meta": "@sys.ignore",
        "userDefined": true
      }
    ],
    "isTemplate": false,
    "count": 1,
    "updated": 1529427967
  },
  {
    "id": "3f933738-40f2-4d7f-9365-bcb35495c3e0",
    "data": [
      {
        "text": "that\u0027s better",
        "userDefined": false
      }
    ],
    "isTemplate": false,
    "count": 1,
    "updated": 1529427967
  },
  {
    "id": "2dcba8dd-52fc-43a8-92c6-67b162961f27",
    "data": [
      {
        "text": "so ",
        "userDefined": false
      },
      {
        "text": "cool",
        "meta": "@sys.ignore",
        "userDefined": false
      }
    ],
    "isTemplate": false,
    "count": 1,
    "updated": 1529427967
  },
  {
    "id": "047185a0-cba5-4289-a0c2-25664d820249",
    "data": [
      {
        "text": "that was amazing",
        "userDefined": false
      }
    ],
    "isTemplate": false,
    "count": 1,
    "updated": 1529427967
  },
  {
    "id": "6b7fe5c2-1be1-4741-acb4-3f81e3efa576",
    "data": [
      {
        "text": "very nice",
        "userDefined": false
      }
    ],
    "isTemplate": false,
    "count": 1,
    "updated": 1529427967
  },
  {
    "id": "b8959818-83bf-435c-8a81-580472de31fa",
    "data": [
      {
        "text": "it",
        "meta": "@sys.ignore",
        "userDefined": true
      },
      {
        "text": " is ",
        "userDefined": false
      },
      {
        "text": "fine",
        "meta": "@sys.ignore",
        "userDefined": true
      }
    ],
    "isTemplate": false,
    "count": 1,
    "updated": 1529427967
  },
  {
    "id": "fb1dd03b-4e95-4d67-9895-e090cd718ed7",
    "data": [
      {
        "text": "this is ",
        "userDefined": false
      },
      {
        "text": "good",
        "meta": "@sys.ignore",
        "userDefined": true
      }
    ],
    "isTemplate": false,
    "count": 1,
    "updated": 1529427967
  },
  {
    "id": "1ebbc73f-c1f5-4bc7-b843-d4c3c768a086",
    "data": [
      {
        "text": "that is ",
        "userDefined": false
      },
      {
        "text": "good",
        "meta": "@sys.ignore",
        "userDefined": true
      }
    ],
    "isTemplate": false,
    "count": 1,
    "updated": 1529427967
  },
  {
    "id": "70dc1048-ce34-4e1f-b9e1-9425a4e6763d",
    "data": [
      {
        "text": "that\u0027s not ",
        "userDefined": false
      },
      {
        "text": "bad",
        "meta": "@sys.ignore",
        "userDefined": true
      }
    ],
    "isTemplate": false,
    "count": 1,
    "updated": 1529427967
  },
  {
    "id": "e065b24b-a734-4f0b-afba-fbbb6af20932",
    "data": [
      {
        "text": "glad to hear that",
        "userDefined": false
      }
    ],
    "isTemplate": false,
    "count": 1,
    "updated": 1529427967
  },
  {
    "id": "26c3b14b-b3f2-4dd9-a2e5-e28061b1522f",
    "data": [
      {
        "text": "it",
        "meta": "@sys.ignore",
        "userDefined": true
      },
      {
        "text": " is ",
        "userDefined": false
      },
      {
        "text": "good",
        "meta": "@sys.ignore",
        "userDefined": true
      }
    ],
    "isTemplate": false,
    "count": 1,
    "updated": 1529427967
  },
  {
    "id": "9e9097d9-caa9-449f-a38f-85e9b9e45f04",
    "data": [
      {
        "text": "much better",
        "userDefined": false
      }
    ],
    "isTemplate": false,
    "count": 1,
    "updated": 1529427967
  },
  {
    "id": "13e49e49-ef7a-4339-9322-9b1fb26a035a",
    "data": [
      {
        "text": "splendid",
        "userDefined": false
      }
    ],
    "isTemplate": false,
    "count": 1,
    "updated": 1529427967
  },
  {
    "id": "4720748d-671e-4e3a-b909-4215516b738c",
    "data": [
      {
        "text": "that\u0027s very ",
        "userDefined": false
      },
      {
        "text": "nice",
        "meta": "@sys.ignore",
        "userDefined": true
      },
      {
        "text": " ",
        "userDefined": false
      },
      {
        "text": "of",
        "meta": "@sys.ignore",
        "userDefined": true
      },
      {
        "text": " you",
        "userDefined": false
      }
    ],
    "isTemplate": false,
    "count": 1,
    "updated": 1529427967
  },
  {
    "id": "435ad546-6d49-445c-a052-2f73586fcc4d",
    "data": [
      {
        "text": "that is ",
        "userDefined": false
      },
      {
        "text": "nice",
        "meta": "@sys.ignore",
        "userDefined": true
      }
    ],
    "isTemplate": false,
    "count": 1,
    "updated": 1529427967
  },
  {
    "id": "3e1d526e-970b-4b9f-82a9-78935e41c073",
    "data": [
      {
        "text": "this is awesome",
        "userDefined": false
      }
    ],
    "isTemplate": false,
    "count": 1,
    "updated": 1529427967
  },
  {
    "id": "10a4c3dd-7c3c-4230-80fa-2437c9cdb78c",
    "data": [
      {
        "text": "good",
        "meta": "@sys.ignore",
        "userDefined": true
      },
      {
        "text": " very ",
        "userDefined": false
      },
      {
        "text": "good",
        "meta": "@sys.ignore",
        "userDefined": true
      }
    ],
    "isTemplate": false,
    "count": 1,
    "updated": 1529427967
  },
  {
    "id": "da28e25d-d3d2-4b12-9452-b4ffb6872abe",
    "data": [
      {
        "text": "that\u0027s really ",
        "userDefined": false
      },
      {
        "text": "nice",
        "meta": "@sys.ignore",
        "userDefined": true
      }
    ],
    "isTemplate": false,
    "count": 1,
    "updated": 1529427967
  },
  {
    "id": "e30af27b-f64d-4635-ae5c-54705ec8754a",
    "data": [
      {
        "text": "that\u0027s very ",
        "userDefined": false
      },
      {
        "text": "nice",
        "meta": "@sys.ignore",
        "userDefined": true
      }
    ],
    "isTemplate": false,
    "count": 2,
    "updated": 1529427967
  },
  {
    "id": "f9312bb2-82d6-4f86-9fe4-20b0fd182972",
    "data": [
      {
        "text": "pretty ",
        "userDefined": false
      },
      {
        "text": "good",
        "meta": "@sys.ignore",
        "userDefined": true
      }
    ],
    "isTemplate": false,
    "count": 1,
    "updated": 1529427967
  },
  {
    "id": "ad2aca31-b8ff-4aba-8ad6-b589960fa04c",
    "data": [
      {
        "text": "that\u0027s fantastic",
        "userDefined": false
      }
    ],
    "isTemplate": false,
    "count": 1,
    "updated": 1529427967
  },
  {
    "id": "abc50b1f-112e-4278-9843-c88179d3cd0a",
    "data": [
      {
        "text": "glad to hear ",
        "userDefined": false
      },
      {
        "text": "it",
        "meta": "@sys.ignore",
        "userDefined": true
      }
    ],
    "isTemplate": false,
    "count": 1,
    "updated": 1529427967
  },
  {
    "id": "27733b97-618b-4bee-baf8-54206987d86f",
    "data": [
      {
        "text": "good",
        "meta": "@sys.ignore",
        "userDefined": true
      },
      {
        "text": " for you",
        "userDefined": false
      }
    ],
    "isTemplate": false,
    "count": 1,
    "updated": 1529427967
  },
  {
    "id": "36c3781a-d6e7-41ab-ae93-940988ad5233",
    "data": [
      {
        "text": "that is awesome",
        "userDefined": false
      }
    ],
    "isTemplate": false,
    "count": 2,
    "updated": 1529427967
  },
  {
    "id": "7fa2b734-f248-42d2-9df9-0a82896cb676",
    "data": [
      {
        "text": "it",
        "meta": "@sys.ignore",
        "userDefined": true
      },
      {
        "text": "\u0027s great",
        "userDefined": false
      }
    ],
    "isTemplate": false,
    "count": 4,
    "updated": 1529427967
  },
  {
    "id": "c5495c5a-528b-4fb5-afc8-494ac9a4b196",
    "data": [
      {
        "text": "pleasant",
        "userDefined": false
      }
    ],
    "isTemplate": false,
    "count": 1,
    "updated": 1529427967
  },
  {
    "id": "fd7ab1d2-5ec1-4445-bc74-68f82b547de0",
    "data": [
      {
        "text": "so ",
        "userDefined": false
      },
      {
        "text": "good",
        "meta": "@sys.ignore",
        "userDefined": true
      }
    ],
    "isTemplate": false,
    "count": 1,
    "updated": 1529427967
  },
  {
    "id": "e218ab94-a299-4621-b2f9-ed9511979fb3",
    "data": [
      {
        "text": "that was good",
        "userDefined": false
      }
    ],
    "isTemplate": false,
    "count": 1,
    "updated": 1529427967
  },
  {
    "id": "a749ec3f-e306-4729-bb30-82834994cefc",
    "data": [
      {
        "text": "super fantastic",
        "userDefined": false
      }
    ],
    "isTemplate": false,
    "count": 1,
    "updated": 1529427967
  },
  {
    "id": "e2de4e18-bc52-4907-a571-e615cfd12221",
    "data": [
      {
        "text": "no ",
        "userDefined": false
      },
      {
        "text": "it",
        "meta": "@sys.ignore",
        "userDefined": true
      },
      {
        "text": "\u0027s ",
        "userDefined": false
      },
      {
        "text": "okay",
        "meta": "@sys.ignore",
        "userDefined": true
      }
    ],
    "isTemplate": false,
    "count": 1,
    "updated": 1529427967
  },
  {
    "id": "dc6424f8-7831-4e09-986e-3f6235db99be",
    "data": [
      {
        "text": "it\u0027s amazing",
        "userDefined": false
      }
    ],
    "isTemplate": false,
    "count": 1,
    "updated": 1529427967
  },
  {
    "id": "8699d9a1-fedd-4ca5-8724-89da02981aee",
    "data": [
      {
        "text": "that\u0027s a ",
        "userDefined": false
      },
      {
        "text": "good",
        "meta": "@sys.ignore",
        "userDefined": true
      },
      {
        "text": " idea",
        "userDefined": false
      }
    ],
    "isTemplate": false,
    "count": 1,
    "updated": 1529427967
  },
  {
    "id": "397e95b4-576f-4aed-8a7b-390c8b4011eb",
    "data": [
      {
        "text": "it\u0027s",
        "meta": "@sys.ignore",
        "userDefined": true
      },
      {
        "text": " perfect",
        "userDefined": false
      }
    ],
    "isTemplate": false,
    "count": 2,
    "updated": 1529427967
  },
  {
    "id": "c7fd10ea-5c15-44c5-a0b8-b7c0b67fbbfe",
    "data": [
      {
        "text": "not ",
        "userDefined": false
      },
      {
        "text": "bad",
        "meta": "@sys.ignore",
        "userDefined": true
      }
    ],
    "isTemplate": false,
    "count": 1,
    "updated": 1529427967
  },
  {
    "id": "1487c35c-8d5a-43c7-b18b-a8e3c3861565",
    "data": [
      {
        "text": "very ",
        "userDefined": false
      },
      {
        "text": "good",
        "meta": "@sys.ignore",
        "userDefined": true
      }
    ],
    "isTemplate": false,
    "count": 1,
    "updated": 1529427967
  },
  {
    "id": "21afe159-3af6-4c9b-abd2-d732b6ab3eea",
    "data": [
      {
        "text": "amazing",
        "userDefined": false
      }
    ],
    "isTemplate": false,
    "count": 1,
    "updated": 1529427967
  },
  {
    "id": "95650b8c-6eab-4c18-895b-adb5ab8cfe85",
    "data": [
      {
        "text": "it\u0027s awesome",
        "userDefined": false
      }
    ],
    "isTemplate": false,
    "count": 1,
    "updated": 1529427967
  },
  {
    "id": "ec552203-7d91-40e7-b26a-20332b772b9f",
    "data": [
      {
        "text": "it\u0027s",
        "meta": "@sys.ignore",
        "userDefined": true
      },
      {
        "text": " very good",
        "userDefined": false
      }
    ],
    "isTemplate": false,
    "count": 1,
    "updated": 1529427967
  },
  {
    "id": "b430787a-411a-47fe-a876-284dafdbca03",
    "data": [
      {
        "text": "super",
        "userDefined": false
      }
    ],
    "isTemplate": false,
    "count": 1,
    "updated": 1529427967
  },
  {
    "id": "e58bcb43-29c0-4717-ac2a-5cced25c6598",
    "data": [
      {
        "text": "that was cute",
        "userDefined": false
      }
    ],
    "isTemplate": false,
    "count": 1,
    "updated": 1529427967
  },
  {
    "id": "b9fbd5be-e2ef-41be-92a3-158c90e5c699",
    "data": [
      {
        "text": "that was very ",
        "userDefined": false
      },
      {
        "text": "good",
        "meta": "@sys.ignore",
        "userDefined": true
      }
    ],
    "isTemplate": false,
    "count": 1,
    "updated": 1529427967
  },
  {
    "id": "c26c3375-c330-4457-b14c-fb20c4cb9ce3",
    "data": [
      {
        "text": "that\u0027s fine",
        "userDefined": false
      }
    ],
    "isTemplate": false,
    "count": 1,
    "updated": 1529427967
  },
  {
    "id": "146b43a1-9084-434c-8f98-9d33f0d9315f",
    "data": [
      {
        "text": "perfect",
        "userDefined": false
      }
    ],
    "isTemplate": false,
    "count": 2,
    "updated": 1529427967
  },
  {
    "id": "8690c6f1-b3cf-4394-a218-4360234bf90c",
    "data": [
      {
        "text": "good",
        "meta": "@sys.ignore",
        "userDefined": true
      },
      {
        "text": " thing",
        "userDefined": false
      }
    ],
    "isTemplate": false,
    "count": 1,
    "updated": 1529427967
  },
  {
    "id": "54b3c016-1491-4aba-a45b-08147ba1c9d7",
    "data": [
      {
        "text": "that\u0027s really ",
        "userDefined": false
      },
      {
        "text": "good",
        "meta": "@sys.ignore",
        "userDefined": true
      }
    ],
    "isTemplate": false,
    "count": 1,
    "updated": 1529427967
  }
]