[
  {
    "id": "8a88c4c7-6aee-420c-806a-039ab9ac266b",
    "data": [
      {
        "text": "I\u0027m excited to start our friendship",
        "userDefined": false
      }
    ],
    "isTemplate": false,
    "count": 0,
    "updated": 1529428334
  },
  {
    "id": "0702c112-2307-446b-8953-c2512d444902",
    "data": [
      {
        "text": "how excited I am",
        "userDefined": false
      }
    ],
    "isTemplate": false,
    "count": 0,
    "updated": 1529428334
  },
  {
    "id": "2ad8a652-5488-485d-8cde-d1bc384b36a0",
    "data": [
      {
        "text": "I\u0027m excited about working with you",
        "userDefined": false
      }
    ],
    "isTemplate": false,
    "count": 0,
    "updated": 1529428334
  },
  {
    "id": "07a80bc1-3208-4390-b746-a4d1548e13ef",
    "data": [
      {
        "text": "I\u0027m really excited",
        "userDefined": false
      }
    ],
    "isTemplate": false,
    "count": 0,
    "updated": 1529428334
  },
  {
    "id": "1a8a5ab8-ab02-4922-9459-63ce9acd2616",
    "data": [
      {
        "text": "I am excited",
        "userDefined": false
      }
    ],
    "isTemplate": false,
    "count": 0,
    "updated": 1529428334
  },
  {
    "id": "71a20317-fc91-470e-9766-beb20f3c5744",
    "data": [
      {
        "text": "I\u0027m thrilled",
        "userDefined": false
      }
    ],
    "isTemplate": false,
    "count": 0,
    "updated": 1529428334
  }
]